pair_id,leg_a,leg_b,category,source,timeframe,n_aligned,bars_used,beta,alpha,spread_current,spread_mean,spread_std,zscore,zscore_threshold,half_life_hours,corr_72,corr_168,slope_a_ann_pct,r2_a,slope_b_ann_pct,r2_b,slope_a_24h_ann_pct,slope_b_24h_ann_pct,mean_reversion_ok,correlation_ok,latest_price_a,latest_price_b,mr_signal,mom_signal,mr_score,final_pair_score,display_pair,long_leg,short_leg,trade_label
BNB-SOL,BNB,SOL,layer1,discovered,1h,841,120,1.2019,-3.299523,0.031572,-0.005893,0.019188,1.9525,2.0,28.6,0.7813,0.8179,247.15,0.2512,1103.58,0.7278,-486.1,252.21,True,True,668.7,94.726,WATCH,NEUTRAL,0.6678,0.6678,BNB-SOL,BNB,SOL,Long BNB / Short SOL
BNB-BTC,BNB,BTC,layer1,discovered,1h,841,120,0.9565,4.972454,0.017113,0.000236,0.009134,1.8477,2.0,24.0,0.8534,0.8637,247.15,0.2512,611.65,0.7492,-486.1,-178.66,True,True,668.7,73985.0,WATCH,NEUTRAL,0.6894,0.6894,BNB-BTC,BNB,BTC,Long BNB / Short BTC
AVAX-ETH,AVAX,ETH,layer1,discovered,1h,841,120,0.9265,5.550209,0.04855,0.007589,0.023774,1.7229,2.0,27.9,0.8211,0.8326,852.1,0.6164,1662.86,0.8207,-518.56,-25.1,True,True,10.192,2320.9,WATCH,NEUTRAL,0.6551,0.6551,AVAX-ETH,AVAX,ETH,Long AVAX / Short ETH
AVAX-LINK,AVAX,LINK,defi,discovered,1h,841,120,0.8078,0.389117,0.017802,-0.004554,0.013281,1.6832,2.0,23.2,0.8133,0.8655,852.1,0.6164,1042.29,0.7431,-518.56,81.95,True,True,10.192,9.8002,WATCH,NEUTRAL,0.6742,0.6742,AVAX-LINK,AVAX,LINK,Long AVAX / Short LINK
AVAX-LTC,AVAX,LTC,mixed,discovered,1h,841,120,0.5328,2.812981,0.011717,-0.007939,0.011912,1.6502,2.0,20.6,0.7796,0.805,852.1,0.6164,856.4,0.763,-518.56,185.23,True,True,10.192,58.071,WATCH,NEUTRAL,0.6285,0.6285,AVAX-LTC,AVAX,LTC,Long AVAX / Short LTC
BNB-LINK,BNB,LINK,defi,discovered,1h,841,120,1.0814,-4.784254,0.031934,-0.003174,0.021363,1.6434,2.0,30.8,0.8343,0.8527,247.15,0.2512,1042.29,0.7431,-486.1,81.95,True,True,668.7,9.8002,WATCH,NEUTRAL,0.6612,0.6612,BNB-LINK,BNB,LINK,Long BNB / Short LINK
SOL-BTC,SOL,BTC,layer1,pinned,1h,841,120,0.7089,7.984097,0.001251,0.010403,0.00602,-1.5203,2.0,32.4,0.7507,0.8289,1103.58,0.7278,611.65,0.7492,252.21,-178.66,True,True,94.726,73985.0,WATCH,NEUTRAL,0.6323,0.6323,SOL-BTC,SOL,BTC,Long SOL / Short BTC
BTC-ETH,BTC,ETH,layer1,pinned,1h,841,120,1.279,-6.633509,0.043929,0.009842,0.023128,1.4739,2.0,48.1,0.8446,0.8913,611.65,0.7492,1662.86,0.8207,-178.66,-25.1,True,True,73985.0,2320.9,WATCH,NEUTRAL,0.6708,0.6708,BTC-ETH,BTC,ETH,Long BTC / Short ETH
ADA-HBAR,ADA,HBAR,mixed,discovered,1h,841,120,0.6828,-1.437893,-0.029263,-0.016258,0.010038,-1.2956,2.0,25.7,0.7945,0.816,1393.38,0.7349,647.6,0.6875,420.49,-232.33,True,True,0.28911,0.098815,WATCH,NEUTRAL,0.6008,0.6008,ADA-HBAR,ADA,HBAR,Long ADA / Short HBAR
AVAX-BTC,AVAX,BTC,layer1,discovered,1h,841,120,0.6739,9.638314,0.008717,0.002202,0.005113,1.2741,2.0,22.6,0.7637,0.8018,852.1,0.6164,611.65,0.7492,-518.56,-178.66,True,True,10.192,73985.0,WATCH,NEUTRAL,0.5887,0.5887,AVAX-BTC,AVAX,BTC,Long AVAX / Short BTC
ETH-LINK,ETH,LINK,defi,discovered,1h,841,120,0.8071,-3.957219,-0.015313,-0.005965,0.007421,-1.2597,2.0,29.5,0.9045,0.9266,1662.86,0.8207,1042.29,0.7431,-25.1,81.95,True,True,2320.9,9.8002,WATCH,NEUTRAL,0.6746,0.6746,ETH-LINK,ETH,LINK,Long ETH / Short LINK
BTC-LINK,BTC,LINK,defi,discovered,1h,841,120,1.0399,-9.39637,0.019556,0.001557,0.014451,1.2455,2.0,34.9,0.8315,0.882,611.65,0.7492,1042.29,0.7431,-178.66,81.95,True,True,73985.0,9.8002,WATCH,NEUTRAL,0.642,0.642,BTC-LINK,BTC,LINK,Long BTC / Short LINK
SOL-ETH,SOL,ETH,layer1,pinned,1h,841,120,0.9664,3.312265,0.039156,0.019377,0.01698,1.1648,2.0,44.1,0.8391,0.8687,1103.58,0.7278,1662.86,0.8207,252.21,-25.1,True,True,94.726,2320.9,WATCH,NEUTRAL,0.6246,0.6246,SOL-ETH,SOL,ETH,Long SOL / Short ETH
ARB-INJ,ARB,INJ,layer2,discovered,1h,841,120,0.0105,1.160504,0.034423,0.004731,0.026307,1.1287,2.0,53.3,0.848,0.8407,1013.38,0.6816,929.08,0.7227,-185.96,-414.86,True,True,0.10809,3.2274,WATCH,NEUTRAL,0.5738,0.5738,ARB-INJ,ARB,INJ,Long ARB / Short INJ
ARB-ENA,ARB,ENA,layer2,discovered,1h,841,120,0.9732,0.003589,0.013585,0.005186,0.008733,0.9617,2.0,30.9,0.8108,0.8263,1013.38,0.6816,1235.08,0.6902,-185.96,15.88,True,True,0.10809,0.11673,WATCH,NEUTRAL,0.5746,0.5746,ARB-ENA,ARB,ENA,Long ARB / Short ENA
LINK-LTC,LINK,LTC,defi,discovered,1h,841,120,0.6682,2.537408,-0.000887,-0.005447,0.005708,0.7988,2.0,13.3,0.7809,0.8323,1042.29,0.7431,856.4,0.763,81.95,185.23,True,True,9.8002,58.071,WATCH,NEUTRAL,0.5625,0.5625,LINK-LTC,LINK,LTC,Long LINK / Short LTC
ENA-ETHFI,ENA,ETHFI,defi,pinned,1h,841,120,-0.0641,-0.82097,0.124647,0.10561,0.028573,0.6662,2.0,102.1,0.502,0.5852,1235.08,0.6902,881.37,0.6906,15.88,-272.9,True,True,0.11673,0.57199,WATCH,NEUTRAL,0.1263,0.1263,ENA-ETHFI,ENA,ETHFI,Long ENA / Short ETHFI
ARB-OP,ARB,OP,layer2,pinned,1h,841,120,2.3349,3.317,-0.116035,-0.099998,0.041374,-0.3876,2.0,45.5,0.7827,0.8287,1013.38,0.6816,1183.92,0.8505,-185.96,263.25,True,True,0.10809,0.1362,NEUTRAL,NEUTRAL,0.0,0.0,ARB-OP,ARB,OP,Long ARB / Short OP
ETH-LTC,ETH,LTC,mixed,discovered,1h,841,120,0.5318,-0.049316,-0.010043,-0.008825,0.004409,-0.2764,2.0,20.3,0.8056,0.8279,1662.86,0.8207,856.4,0.763,-25.1,185.23,True,True,2320.9,58.071,NEUTRAL,NEUTRAL,0.0,0.0,ETH-LTC,ETH,LTC,Long ETH / Short LTC
LINK-SOL,LINK,SOL,defi,discovered,1h,841,120,1.0786,2.089927,-0.000648,-0.000428,0.006684,-0.033,2.0,12.1,0.8438,0.8752,1042.29,0.7431,1103.58,0.7278,81.95,252.21,True,True,9.8002,94.726,NEUTRAL,NEUTRAL,0.0,0.0,LINK-SOL,LINK,SOL,Long LINK / Short SOL
