pair_id,leg_a,leg_b,status,exclusion_reason,discovery_score,corr_168,half_life_hours,n_aligned,vol_ratio
AAVE-ADA,AAVE,ADA,candidate,,0.7892,0.719,36.7,841,0.8908
AAVE-APT,AAVE,APT,candidate,,0.6632,0.5571,49.6,841,0.9748
AAVE-ARB,AAVE,ARB,candidate,,0.7343,0.743,73.0,841,0.9783
AAVE-ATOM,AAVE,ATOM,excluded_low_correlation,corr_168=0.398 < 0.4,,0.3982,57.7,841,0.7868
AAVE-AVAX,AAVE,AVAX,candidate,,0.6344,0.7462,108.1,841,0.8239
AAVE-BNB,AAVE,BNB,candidate,,0.7184,0.7431,78.5,841,0.5883
AAVE-BOME,AAVE,BOME,candidate,,0.5277,0.5678,98.8,841,0.8614
AAVE-BTC,AAVE,BTC,candidate,,0.6911,0.7639,93.2,841,0.6369
AAVE-CRV,AAVE,CRV,candidate,,0.7482,0.6643,39.9,841,0.9543
AAVE-DOGE,AAVE,DOGE,candidate,,0.7353,0.6471,28.1,841,0.9102
AAVE-DOT,AAVE,DOT,candidate,,0.5463,0.5608,90.6,841,0.9979
AAVE-ENA,AAVE,ENA,candidate,,0.7508,0.747,68.4,841,0.957
AAVE-ETH,AAVE,ETH,candidate,,0.4847,0.7796,238.3,841,0.7967
AAVE-ETHFI,AAVE,ETHFI,candidate,,0.6152,0.5678,68.8,841,0.9883
AAVE-HBAR,AAVE,HBAR,candidate,,0.7929,0.7239,24.6,841,0.8142
AAVE-ICP,AAVE,ICP,excluded_low_correlation,corr_168=0.255 < 0.4,,0.2554,70.0,841,0.892
AAVE-INJ,AAVE,INJ,candidate,,0.7746,0.7103,50.8,841,0.9483
AAVE-JTO,AAVE,JTO,candidate,,0.7475,0.6633,31.7,841,0.7882
AAVE-JUP,AAVE,JUP,candidate,,0.6289,0.6915,95.9,841,0.9434
AAVE-LDO,AAVE,LDO,candidate,,0.8057,0.7409,46.1,841,0.928
AAVE-LINK,AAVE,LINK,candidate,,0.7401,0.8074,87.6,841,0.8194
AAVE-LTC,AAVE,LTC,candidate,,0.81,0.7509,49.1,841,0.6882
AAVE-NEAR,AAVE,NEAR,candidate,,0.2544,0.4725,177.1,841,0.9274
AAVE-OP,AAVE,OP,candidate,,0.6088,0.6588,94.4,841,0.9454
AAVE-PENDLE,AAVE,PENDLE,candidate,,0.7466,0.6769,51.8,841,0.9967
AAVE-SEI,AAVE,SEI,candidate,,0.6719,0.5664,49.0,841,0.7654
AAVE-SOL,AAVE,SOL,candidate,,0.6641,0.7446,97.5,841,0.8731
AAVE-STRK,AAVE,STRK,candidate,,0.4833,0.4573,85.6,841,0.8799
AAVE-STX,AAVE,STX,candidate,,0.773,0.6974,34.2,841,0.8815
AAVE-SUI,AAVE,SUI,candidate,,0.6863,0.6918,76.3,841,0.9901
AAVE-TIA,AAVE,TIA,candidate,,0.5846,0.5741,80.9,841,0.9762
AAVE-UNI,AAVE,UNI,candidate,,0.8157,0.7543,45.6,841,0.8795
AAVE-WIF,AAVE,WIF,candidate,,0.5966,0.5959,82.4,841,0.8598
AAVE-XRP,AAVE,XRP,candidate,,0.6877,0.5836,29.6,841,0.8161
ADA-APT,ADA,APT,candidate,,0.6385,0.5938,67.5,841,0.8684
ADA-ARB,ADA,ARB,candidate,,0.662,0.7772,106.6,841,0.8715
ADA-ATOM,ADA,ATOM,candidate,,0.3004,0.5339,216.5,841,0.8832
ADA-AVAX,ADA,AVAX,candidate,,0.5402,0.8416,164.9,841,0.9249
ADA-BNB,ADA,BNB,candidate,,0.6248,0.7334,108.1,841,0.6604
ADA-BOME,ADA,BOME,candidate,,0.5625,0.6555,109.4,841,0.7674
ADA-BTC,ADA,BTC,candidate,,0.6271,0.7439,110.0,841,0.7149
ADA-CRV,ADA,CRV,candidate,,0.785,0.7133,43.8,841,0.9335
ADA-DOGE,ADA,DOGE,candidate,,0.8462,0.8217,54.9,841,0.9787
ADA-DOT,ADA,DOT,candidate,,0.4045,0.6727,207.9,841,0.8889
ADA-ENA,ADA,ENA,candidate,,0.6156,0.7682,120.2,841,0.8525
ADA-ETH,ADA,ETH,candidate,,0.485,0.78,436.2,841,0.8944
ADA-ETHFI,ADA,ETHFI,candidate,,0.4952,0.5474,104.7,841,0.8804
ADA-HBAR,ADA,HBAR,discovered,,0.862,0.816,25.7,841,0.914
ADA-ICP,ADA,ICP,excluded_low_correlation,corr_168=0.226 < 0.4,,0.2255,96.9,841,0.7946
ADA-INJ,ADA,INJ,candidate,,0.7872,0.7664,60.9,841,0.8447
ADA-JTO,ADA,JTO,candidate,,0.7272,0.6362,32.3,841,0.7021
ADA-JUP,ADA,JUP,candidate,,0.5981,0.7018,109.1,841,0.8404
ADA-LDO,ADA,LDO,candidate,,0.7049,0.7629,88.2,841,0.9599
ADA-LINK,ADA,LINK,candidate,,0.6041,0.8073,134.2,841,0.9198
ADA-LTC,ADA,LTC,candidate,,0.8414,0.8263,57.7,841,0.7725
ADA-NEAR,ADA,NEAR,candidate,,0.2884,0.5178,350.8,841,0.8262
ADA-OP,ADA,OP,candidate,,0.372,0.6293,207.6,841,0.8422
ADA-PENDLE,ADA,PENDLE,candidate,,0.7299,0.6581,52.7,841,0.8878
ADA-SEI,ADA,SEI,candidate,,0.4909,0.5141,97.6,841,0.8592
ADA-SOL,ADA,SOL,candidate,,0.5909,0.7579,126.0,841,0.9802
ADA-STRK,ADA,STRK,candidate,,0.3082,0.5442,266.8,841,0.9877
ADA-STX,ADA,STX,candidate,,0.7973,0.7297,40.9,841,0.9895
ADA-SUI,ADA,SUI,candidate,,0.6951,0.8299,108.8,841,0.882
ADA-TIA,ADA,TIA,candidate,,0.5613,0.5971,94.8,841,0.8696
ADA-UNI,ADA,UNI,candidate,,0.697,0.6719,67.5,841,0.7835
ADA-WIF,ADA,WIF,candidate,,0.3918,0.6557,230.0,841,0.7659
ADA-XRP,ADA,XRP,candidate,,0.8339,0.7785,46.2,841,0.9161
APT-ARB,APT,ARB,candidate,,0.571,0.7562,132.4,841,0.9965
APT-ATOM,APT,ATOM,candidate,,0.6437,0.5381,51.4,841,0.767
APT-AVAX,APT,AVAX,candidate,,0.6617,0.6337,69.8,841,0.8032
APT-BNB,APT,BNB,candidate,,0.5906,0.5264,66.6,841,0.5735
APT-BOME,APT,BOME,candidate,,0.5272,0.5139,85.1,841,0.8836
APT-BTC,APT,BTC,candidate,,0.5891,0.5369,69.8,841,0.6208
APT-CRV,APT,CRV,candidate,,0.6568,0.5424,31.6,841,0.9303
APT-DOGE,APT,DOGE,candidate,,0.5671,0.459,57.3,841,0.8873
APT-DOT,APT,DOT,candidate,,0.6994,0.6198,53.3,841,0.9769
APT-ENA,APT,ENA,candidate,,0.5198,0.681,130.6,841,0.9817
APT-ETH,APT,ETH,candidate,,0.4839,0.5682,113.9,841,0.7767
APT-ETHFI,APT,ETHFI,candidate,,0.5828,0.5029,63.2,841,0.9864
APT-HBAR,APT,HBAR,candidate,,0.7071,0.6095,33.0,841,0.7938
APT-ICP,APT,ICP,excluded_low_correlation,corr_168=0.312 < 0.4,,0.3121,38.8,841,0.915
APT-INJ,APT,INJ,candidate,,0.7989,0.7318,29.6,841,0.9728
APT-JTO,APT,JTO,candidate,,0.6523,0.5364,32.3,841,0.8085
APT-JUP,APT,JUP,candidate,,0.717,0.6343,51.0,841,0.9678
APT-LDO,APT,LDO,candidate,,0.6769,0.7146,85.4,841,0.9047
APT-LINK,APT,LINK,candidate,,0.6741,0.5872,53.6,841,0.7988
APT-LTC,APT,LTC,candidate,,0.712,0.616,34.0,841,0.6709
APT-NEAR,APT,NEAR,candidate,,0.5855,0.6247,93.6,841,0.9514
APT-OP,APT,OP,candidate,,0.4216,0.6954,277.4,841,0.9698
APT-PENDLE,APT,PENDLE,candidate,,0.6896,0.5861,35.8,841,0.9781
APT-SEI,APT,SEI,candidate,,0.5542,0.6,98.0,841,0.7461
APT-SOL,APT,SOL,candidate,,0.6179,0.4932,48.7,841,0.8512
APT-STRK,APT,STRK,candidate,,0.5232,0.5851,104.8,841,0.8577
APT-STX,APT,STX,candidate,,0.729,0.6386,21.9,841,0.8593
APT-SUI,APT,SUI,candidate,,0.6506,0.6236,71.0,841,0.9846
APT-TIA,APT,TIA,candidate,,0.7194,0.7184,71.8,841,0.9986
APT-UNI,APT,UNI,candidate,,0.7029,0.6039,34.1,841,0.9022
APT-WIF,APT,WIF,candidate,,0.363,0.4602,127.6,841,0.882
APT-XRP,APT,XRP,excluded_low_correlation,corr_168=0.381 < 0.4,,0.3809,49.4,841,0.7955
ARB-ATOM,ARB,ATOM,candidate,,0.3558,0.6077,335.7,841,0.7697
ARB-AVAX,ARB,AVAX,candidate,,0.7062,0.7984,96.9,841,0.806
ARB-BNB,ARB,BNB,candidate,,0.6604,0.7172,91.7,841,0.5756
ARB-BOME,ARB,BOME,candidate,,0.6339,0.6196,75.7,841,0.8805
ARB-BTC,ARB,BTC,candidate,,0.6318,0.7031,97.9,841,0.623
ARB-CRV,ARB,CRV,candidate,,0.7482,0.6643,32.8,841,0.9336
ARB-DOGE,ARB,DOGE,candidate,,0.741,0.6795,54.4,841,0.8905
ARB-DOT,ARB,DOT,candidate,,0.5565,0.6579,112.1,841,0.9804
ARB-ENA,ARB,ENA,discovered,,0.8697,0.8263,30.9,841,0.9782
ARB-ETH,ARB,ETH,candidate,,0.4622,0.7496,266.2,841,0.7794
ARB-ETHFI,ARB,ETHFI,candidate,,0.5204,0.5733,102.7,841,0.9899
ARB-HBAR,ARB,HBAR,candidate,,0.8094,0.7459,31.7,841,0.7966
ARB-ICP,ARB,ICP,excluded_low_correlation,corr_168=0.346 < 0.4,,0.3462,107.1,841,0.9118
ARB-INJ,ARB,INJ,discovered,,0.8651,0.8407,53.3,841,0.9693
ARB-JTO,ARB,JTO,candidate,,0.7779,0.7039,40.8,841,0.8057
ARB-JUP,ARB,JUP,candidate,,0.6561,0.6923,86.8,841,0.9644
ARB-LDO,ARB,LDO,candidate,,0.7374,0.8147,90.4,841,0.9079
ARB-LINK,ARB,LINK,candidate,,0.7625,0.7775,72.2,841,0.8016
ARB-LTC,ARB,LTC,candidate,,0.8508,0.8011,45.0,841,0.6732
ARB-NEAR,ARB,NEAR,candidate,,0.3664,0.6218,343.8,841,0.948
ARB-OP,ARB,OP,pinned,,0.8715,0.8287,45.5,841,0.9664
ARB-PENDLE,ARB,PENDLE,candidate,,0.7346,0.6461,43.1,841,0.9816
ARB-SEI,ARB,SEI,candidate,,0.6085,0.6639,95.8,841,0.7488
ARB-SOL,ARB,SOL,candidate,,0.6679,0.6859,81.1,841,0.8542
ARB-STRK,ARB,STRK,candidate,,0.4228,0.697,349.5,841,0.8608
ARB-STX,ARB,STX,candidate,,0.803,0.7373,23.2,841,0.8623
ARB-SUI,ARB,SUI,candidate,,0.7777,0.779,67.4,841,0.9881
ARB-TIA,ARB,TIA,candidate,,0.7561,0.7891,77.4,841,0.9979
ARB-UNI,ARB,UNI,candidate,,0.7398,0.6818,55.4,841,0.899
ARB-WIF,ARB,WIF,candidate,,0.3844,0.6458,346.5,841,0.8789
ARB-XRP,ARB,XRP,candidate,,0.7084,0.6112,37.9,841,0.7984
ATOM-AVAX,ATOM,AVAX,candidate,,0.5824,0.4872,59.3,841,0.9549
ATOM-BNB,ATOM,BNB,candidate,,0.5723,0.4328,48.8,841,0.7478
ATOM-BOME,ATOM,BOME,excluded_low_correlation,corr_168=0.353 < 0.4,,0.3534,77.7,841,0.6777
ATOM-BTC,ATOM,BTC,excluded_low_correlation,corr_168=0.381 < 0.4,,0.3812,57.4,841,0.8095
ATOM-CRV,ATOM,CRV,candidate,,0.5537,0.4049,35.3,841,0.8244
ATOM-DOGE,ATOM,DOGE,candidate,,0.5698,0.4264,41.6,841,0.8643
ATOM-DOT,ATOM,DOT,candidate,,0.6258,0.501,43.2,841,0.7851
ATOM-ENA,ATOM,ENA,candidate,,0.5153,0.4945,84.2,841,0.7529
ATOM-ETH,ATOM,ETH,candidate,,0.481,0.4737,90.6,841,0.9875
ATOM-ETHFI,ATOM,ETHFI,excluded_low_correlation,corr_168=0.274 < 0.4,,0.2736,39.4,841,0.7776
ATOM-HBAR,ATOM,HBAR,candidate,,0.6114,0.4818,28.4,841,0.9662
ATOM-ICP,ATOM,ICP,excluded_low_correlation,corr_168=0.271 < 0.4,,0.2711,37.8,841,0.7018
ATOM-INJ,ATOM,INJ,candidate,,0.6912,0.5883,31.6,841,0.7461
ATOM-JTO,ATOM,JTO,candidate,,0.591,0.4546,28.9,841,0.6201
ATOM-JUP,ATOM,JUP,candidate,,0.6092,0.5062,55.0,841,0.7423
ATOM-LDO,ATOM,LDO,candidate,,0.653,0.5424,49.3,841,0.8478
ATOM-LINK,ATOM,LINK,candidate,,0.6104,0.4805,46.8,841,0.9601
ATOM-LTC,ATOM,LTC,candidate,,0.6663,0.5551,34.8,841,0.8747
ATOM-NEAR,ATOM,NEAR,candidate,,0.4986,0.4676,83.0,841,0.7297
ATOM-OP,ATOM,OP,candidate,,0.3578,0.6104,169.5,841,0.7438
ATOM-PENDLE,ATOM,PENDLE,candidate,,0.5823,0.4431,32.1,841,0.7841
ATOM-SEI,ATOM,SEI,candidate,,0.5611,0.4708,62.4,841,0.9728
ATOM-SOL,ATOM,SOL,candidate,,0.5536,0.4215,52.3,841,0.9011
ATOM-STRK,ATOM,STRK,candidate,,0.4687,0.4487,88.4,841,0.8942
ATOM-STX,ATOM,STX,candidate,,0.5874,0.4499,26.9,841,0.8925
ATOM-SUI,ATOM,SUI,candidate,,0.6103,0.4979,52.5,841,0.779
ATOM-TIA,ATOM,TIA,candidate,,0.6817,0.6071,56.1,841,0.768
ATOM-UNI,ATOM,UNI,candidate,,0.6081,0.4775,26.0,841,0.692
ATOM-WIF,ATOM,WIF,candidate,,0.4248,0.4229,96.8,841,0.6764
ATOM-XRP,ATOM,XRP,candidate,,0.5858,0.4477,38.9,841,0.9641
AVAX-BNB,AVAX,BNB,candidate,,0.8419,0.7892,22.2,841,0.7141
AVAX-BOME,AVAX,BOME,candidate,,0.7003,0.6004,32.3,841,0.7097
AVAX-BTC,AVAX,BTC,discovered,,0.8514,0.8018,22.6,841,0.773
AVAX-CRV,AVAX,CRV,candidate,,0.7436,0.6581,45.8,841,0.8634
AVAX-DOGE,AVAX,DOGE,candidate,,0.7049,0.7111,74.9,841,0.9052
AVAX-DOT,AVAX,DOT,candidate,,0.5128,0.672,130.7,841,0.8222
AVAX-ENA,AVAX,ENA,candidate,,0.6149,0.7307,110.8,841,0.7885
AVAX-ETH,AVAX,ETH,discovered,,0.8744,0.8326,27.9,841,0.967
AVAX-ETHFI,AVAX,ETHFI,candidate,,0.6416,0.5945,66.6,841,0.8143
AVAX-HBAR,AVAX,HBAR,candidate,,0.8278,0.7704,37.4,841,0.9882
AVAX-ICP,AVAX,ICP,excluded_low_correlation,corr_168=0.370 < 0.4,,0.3702,36.2,841,0.735
AVAX-INJ,AVAX,INJ,candidate,,0.8059,0.7677,54.8,841,0.7813
AVAX-JTO,AVAX,JTO,candidate,,0.7394,0.6525,45.4,841,0.6494
AVAX-JUP,AVAX,JUP,candidate,,0.585,0.7103,115.8,841,0.7773
AVAX-LDO,AVAX,LDO,candidate,,0.7345,0.7813,82.8,841,0.8878
AVAX-LINK,AVAX,LINK,discovered,,0.8991,0.8655,23.2,841,0.9945
AVAX-LTC,AVAX,LTC,discovered,,0.8538,0.805,20.6,841,0.8352
AVAX-NEAR,AVAX,NEAR,candidate,,0.6122,0.6074,80.0,841,0.7641
AVAX-OP,AVAX,OP,candidate,,0.3785,0.638,212.2,841,0.7789
AVAX-PENDLE,AVAX,PENDLE,candidate,,0.7099,0.6132,30.4,841,0.8212
AVAX-SEI,AVAX,SEI,candidate,,0.5363,0.5229,84.3,841,0.9289
AVAX-SOL,AVAX,SOL,candidate,,0.8246,0.7662,20.7,841,0.9436
AVAX-STRK,AVAX,STRK,candidate,,0.4788,0.5726,116.8,841,0.9364
AVAX-STX,AVAX,STX,candidate,,0.8247,0.7663,34.1,841,0.9347
AVAX-SUI,AVAX,SUI,candidate,,0.8463,0.7951,26.3,841,0.8158
AVAX-TIA,AVAX,TIA,candidate,,0.7478,0.6637,21.0,841,0.8043
AVAX-UNI,AVAX,UNI,candidate,,0.7622,0.6829,40.2,841,0.7246
AVAX-WIF,AVAX,WIF,candidate,,0.5825,0.5553,76.8,841,0.7084
AVAX-XRP,AVAX,XRP,candidate,,0.7623,0.683,45.0,841,0.9905
BNB-BOME,BNB,BOME,candidate,,0.5987,0.4649,46.2,841,0.5068
BNB-BTC,BNB,BTC,discovered,,0.8978,0.8637,24.0,841,0.9238
BNB-CRV,BNB,CRV,candidate,,0.6892,0.5856,43.3,841,0.6165
BNB-DOGE,BNB,DOGE,candidate,,0.685,0.6473,65.3,841,0.6463
BNB-DOT,BNB,DOT,candidate,,0.499,0.4837,87.0,841,0.5871
BNB-ENA,BNB,ENA,candidate,,0.5532,0.6422,109.2,841,0.563
BNB-ETH,BNB,ETH,candidate,,0.8238,0.8222,62.7,841,0.7384
BNB-ETHFI,BNB,ETHFI,candidate,,0.6089,0.4785,37.0,841,0.5814
BNB-HBAR,BNB,HBAR,candidate,,0.7721,0.6961,33.0,841,0.7225
BNB-ICP,BNB,ICP,excluded_low_correlation,corr_168=0.327 < 0.4,,0.3272,29.6,841,0.5248
BNB-INJ,BNB,INJ,candidate,,0.7398,0.6566,48.9,841,0.5579
BNB-JTO,BNB,JTO,candidate,,0.723,0.6306,43.7,841,0.4637
BNB-JUP,BNB,JUP,candidate,,0.683,0.703,80.3,841,0.5551
BNB-LDO,BNB,LDO,candidate,,0.7239,0.6886,62.6,841,0.634
BNB-LINK,BNB,LINK,discovered,,0.8895,0.8527,30.8,841,0.718
BNB-LTC,BNB,LTC,candidate,,0.8298,0.7731,28.5,841,0.8549
BNB-NEAR,BNB,NEAR,candidate,,0.5988,0.465,27.7,841,0.5456
BNB-OP,BNB,OP,candidate,,0.3849,0.5758,149.8,841,0.5562
BNB-PENDLE,BNB,PENDLE,candidate,,0.6946,0.5928,31.8,841,0.5864
BNB-SEI,BNB,SEI,candidate,,0.6035,0.5153,59.3,841,0.7687
BNB-SOL,BNB,SOL,discovered,,0.8634,0.8179,28.6,841,0.6738
BNB-STRK,BNB,STRK,candidate,,0.5578,0.4827,66.6,841,0.6687
BNB-STX,BNB,STX,candidate,,0.7489,0.6652,34.1,841,0.6674
BNB-SUI,BNB,SUI,candidate,,0.8051,0.7401,47.6,841,0.5825
BNB-TIA,BNB,TIA,candidate,,0.6357,0.5142,33.9,841,0.5743
BNB-UNI,BNB,UNI,candidate,,0.7574,0.6765,25.5,841,0.5174
BNB-WIF,BNB,WIF,candidate,,0.5778,0.4545,52.5,841,0.5058
BNB-XRP,BNB,XRP,candidate,,0.7336,0.6608,52.1,841,0.7209
BOME-BTC,BOME,BTC,candidate,,0.6032,0.4709,29.9,841,0.5486
BOME-CRV,BOME,CRV,candidate,,0.5984,0.4646,40.5,841,0.822
BOME-DOGE,BOME,DOGE,candidate,,0.729,0.6519,51.4,841,0.7841
BOME-DOT,BOME,DOT,candidate,,0.3918,0.555,142.1,841,0.8632
BOME-ENA,BOME,ENA,candidate,,0.6341,0.6288,78.0,841,0.9001
BOME-ETH,BOME,ETH,candidate,,0.6322,0.5372,55.1,841,0.6863
BOME-ETHFI,BOME,ETHFI,candidate,,0.3799,0.4478,118.6,841,0.8716
BOME-HBAR,BOME,HBAR,candidate,,0.7223,0.6297,34.1,841,0.7014
BOME-ICP,BOME,ICP,excluded_low_correlation,corr_168=0.133 < 0.4,,0.133,63.5,841,0.9657
BOME-INJ,BOME,INJ,candidate,,0.6862,0.6275,59.8,841,0.9084
BOME-JTO,BOME,JTO,candidate,,0.6406,0.5208,41.1,841,0.915
BOME-JUP,BOME,JUP,candidate,,0.5028,0.556,104.3,841,0.913
BOME-LDO,BOME,LDO,candidate,,0.5717,0.5888,89.1,841,0.7994
BOME-LINK,BOME,LINK,candidate,,0.6611,0.5482,42.5,841,0.7058
BOME-LTC,BOME,LTC,candidate,,0.69,0.5866,29.2,841,0.5928
BOME-NEAR,BOME,NEAR,excluded_low_correlation,corr_168=0.368 < 0.4,,0.3678,250.1,841,0.9288
BOME-OP,BOME,OP,candidate,,0.2914,0.5218,213.3,841,0.9112
BOME-PENDLE,BOME,PENDLE,candidate,,0.5982,0.4643,40.3,841,0.8643
BOME-SEI,BOME,SEI,candidate,,0.4249,0.4755,110.3,841,0.6593
BOME-SOL,BOME,SOL,candidate,,0.6387,0.5183,41.4,841,0.7521
BOME-STRK,BOME,STRK,candidate,,0.2124,0.4165,222.2,841,0.7579
BOME-STX,BOME,STX,candidate,,0.7129,0.6172,31.9,841,0.7593
BOME-SUI,BOME,SUI,candidate,,0.6666,0.5555,8.2,841,0.87
BOME-TIA,BOME,TIA,candidate,,0.6876,0.5835,23.5,841,0.8824
BOME-UNI,BOME,UNI,candidate,,0.6397,0.5717,61.4,841,0.9794
BOME-WIF,BOME,WIF,candidate,,0.4974,0.6818,138.5,841,0.9981
BOME-XRP,BOME,XRP,candidate,,0.5846,0.4461,23.2,841,0.703
BTC-CRV,BTC,CRV,candidate,,0.7326,0.6434,44.5,841,0.6674
BTC-DOGE,BTC,DOGE,candidate,,0.6662,0.6413,70.2,841,0.6997
BTC-DOT,BTC,DOT,candidate,,0.4674,0.5259,108.7,841,0.6355
BTC-ENA,BTC,ENA,candidate,,0.5302,0.6625,122.3,841,0.6095
BTC-ETH,BTC,ETH,pinned,,0.9182,0.8913,48.1,841,0.7993
BTC-ETHFI,BTC,ETHFI,candidate,,0.6016,0.4933,54.3,841,0.6294
BTC-HBAR,BTC,HBAR,candidate,,0.796,0.728,34.0,841,0.7821
BTC-ICP,BTC,ICP,excluded_low_correlation,corr_168=0.267 < 0.4,,0.2672,39.5,841,0.5681
BTC-INJ,BTC,INJ,candidate,,0.7511,0.6856,52.5,841,0.6039
BTC-JTO,BTC,JTO,candidate,,0.7225,0.63,43.3,841,0.502
BTC-JUP,BTC,JUP,candidate,,0.6912,0.7213,82.2,841,0.6008
BTC-LDO,BTC,LDO,candidate,,0.6734,0.7212,88.3,841,0.6863
BTC-LINK,BTC,LINK,discovered,,0.9115,0.882,34.9,841,0.7772
BTC-LTC,BTC,LTC,candidate,,0.8432,0.7909,27.2,841,0.9254
BTC-NEAR,BTC,NEAR,candidate,,0.592,0.4964,58.4,841,0.5906
BTC-OP,BTC,OP,candidate,,0.3278,0.5704,234.4,841,0.6021
BTC-PENDLE,BTC,PENDLE,candidate,,0.6781,0.5708,37.7,841,0.6347
BTC-SEI,BTC,SEI,candidate,,0.5513,0.5414,83.9,841,0.8321
BTC-SOL,BTC,SOL,pinned,,0.8717,0.8289,30.7,841,0.7294
BTC-STRK,BTC,STRK,candidate,,0.4418,0.4953,109.6,841,0.7238
BTC-STX,BTC,STX,candidate,,0.782,0.7093,35.4,841,0.7225
BTC-SUI,BTC,SUI,candidate,,0.7832,0.711,35.7,841,0.6306
BTC-TIA,BTC,TIA,candidate,,0.6464,0.5286,26.7,841,0.6217
BTC-UNI,BTC,UNI,candidate,,0.7767,0.7022,40.9,841,0.5601
BTC-WIF,BTC,WIF,candidate,,0.4808,0.4384,81.6,841,0.5476
BTC-XRP,BTC,XRP,candidate,,0.7504,0.6742,49.8,841,0.7804
CRV-DOGE,CRV,DOGE,candidate,,0.6467,0.6024,66.9,841,0.9538
CRV-DOT,CRV,DOT,candidate,,0.3037,0.5382,174.6,841,0.9523
CRV-ENA,CRV,ENA,candidate,,0.7279,0.6563,52.9,841,0.9133
CRV-ETH,CRV,ETH,candidate,,0.3803,0.6404,828.5,841,0.8349
CRV-ETHFI,CRV,ETHFI,candidate,,0.283,0.5107,171.7,841,0.9431
CRV-HBAR,CRV,HBAR,candidate,,0.7628,0.6837,24.1,841,0.8532
CRV-ICP,CRV,ICP,excluded_low_correlation,corr_168=0.243 < 0.4,,0.2431,113.1,841,0.8513
CRV-INJ,CRV,INJ,candidate,,0.7231,0.6744,59.2,841,0.905
CRV-JTO,CRV,JTO,candidate,,0.6882,0.5843,47.9,841,0.7522
CRV-JUP,CRV,JUP,candidate,,0.5871,0.6214,92.2,841,0.9003
CRV-LDO,CRV,LDO,candidate,,0.6424,0.699,93.2,841,0.9724
CRV-LINK,CRV,LINK,candidate,,0.5484,0.6931,123.9,841,0.8587
CRV-LTC,CRV,LTC,candidate,,0.7679,0.6905,46.2,841,0.7211
CRV-NEAR,CRV,NEAR,candidate,,0.2503,0.4671,933.4,841,0.885
CRV-OP,CRV,OP,candidate,,0.4174,0.6272,151.9,841,0.9022
CRV-PENDLE,CRV,PENDLE,candidate,,0.6979,0.612,51.8,841,0.9511
CRV-SEI,CRV,SEI,candidate,,0.4602,0.4906,102.1,841,0.802
CRV-SOL,CRV,SOL,candidate,,0.5526,0.6041,99.6,841,0.9149
CRV-STRK,CRV,STRK,candidate,,0.2719,0.4958,246.5,841,0.922
CRV-STX,CRV,STX,candidate,,0.7681,0.6908,17.0,841,0.9237
CRV-SUI,CRV,SUI,candidate,,0.5976,0.6338,91.8,841,0.9449
CRV-TIA,CRV,TIA,candidate,,0.5803,0.5664,80.4,841,0.9316
CRV-UNI,CRV,UNI,candidate,,0.6761,0.665,72.9,841,0.8393
CRV-WIF,CRV,WIF,candidate,,0.2469,0.4625,193.6,841,0.8205
CRV-XRP,CRV,XRP,candidate,,0.695,0.5933,47.5,841,0.8552
DOGE-DOT,DOGE,DOT,candidate,,0.3948,0.4797,121.7,841,0.9083
DOGE-ENA,DOGE,ENA,candidate,,0.6846,0.6798,73.8,841,0.8711
DOGE-ETH,DOGE,ETH,candidate,,0.4023,0.6697,413.3,841,0.8753
DOGE-ETHFI,DOGE,ETHFI,candidate,,0.4169,0.45,106.5,841,0.8996
DOGE-HBAR,DOGE,HBAR,candidate,,0.8182,0.7576,30.8,841,0.8945
DOGE-ICP,DOGE,ICP,excluded_low_correlation,corr_168=0.211 < 0.4,,0.2109,96.0,841,0.8119
DOGE-INJ,DOGE,INJ,candidate,,0.7316,0.6721,55.7,841,0.8632
DOGE-JTO,DOGE,JTO,candidate,,0.6912,0.5883,33.3,841,0.7174
DOGE-JUP,DOGE,JUP,candidate,,0.584,0.6269,94.7,841,0.8588
DOGE-LDO,DOGE,LDO,candidate,,0.7099,0.6583,59.6,841,0.9808
DOGE-LINK,DOGE,LINK,candidate,,0.6102,0.6837,100.3,841,0.9002
DOGE-LTC,DOGE,LTC,candidate,,0.8106,0.7615,51.6,841,0.756
DOGE-NEAR,DOGE,NEAR,excluded_low_correlation,corr_168=0.386 < 0.4,,0.3862,301.1,841,0.8442
DOGE-OP,DOGE,OP,candidate,,0.4556,0.56,121.5,841,0.8605
DOGE-PENDLE,DOGE,PENDLE,candidate,,0.6525,0.5421,49.4,841,0.9072
DOGE-SEI,DOGE,SEI,candidate,,0.5147,0.4669,77.3,841,0.8408
DOGE-SOL,DOGE,SOL,candidate,,0.5842,0.6863,109.9,841,0.9592
DOGE-STRK,DOGE,STRK,candidate,,0.3444,0.4552,132.7,841,0.9666
DOGE-STX,DOGE,STX,candidate,,0.7683,0.6911,35.8,841,0.9684
DOGE-SUI,DOGE,SUI,candidate,,0.7091,0.7035,71.5,841,0.9012
DOGE-TIA,DOGE,TIA,candidate,,0.5696,0.4997,66.9,841,0.8886
DOGE-UNI,DOGE,UNI,candidate,,0.7112,0.6558,58.5,841,0.8006
DOGE-WIF,DOGE,WIF,candidate,,0.4164,0.6885,252.4,841,0.7826
DOGE-XRP,DOGE,XRP,candidate,,0.8138,0.7517,19.6,841,0.8966
DOT-ENA,DOT,ENA,candidate,,0.6341,0.6249,77.0,841,0.959
DOT-ETH,DOT,ETH,candidate,,0.5394,0.6091,105.4,841,0.7951
DOT-ETHFI,DOT,ETHFI,candidate,,0.5093,0.4538,75.8,841,0.9904
DOT-HBAR,DOT,HBAR,candidate,,0.6916,0.5888,33.0,841,0.8125
DOT-ICP,DOT,ICP,excluded_low_correlation,corr_168=0.303 < 0.4,,0.3026,52.3,841,0.8939
DOT-INJ,DOT,INJ,candidate,,0.7434,0.6578,40.5,841,0.9503
DOT-JTO,DOT,JTO,candidate,,0.6219,0.4959,40.8,841,0.7898
DOT-JUP,DOT,JUP,candidate,,0.5925,0.5664,76.2,841,0.9454
DOT-LDO,DOT,LDO,candidate,,0.7375,0.65,47.0,841,0.9261
DOT-LINK,DOT,LINK,candidate,,0.7044,0.6058,45.3,841,0.8177
DOT-LTC,DOT,LTC,candidate,,0.7083,0.6111,31.5,841,0.6867
DOT-NEAR,DOT,NEAR,candidate,,0.3809,0.4685,123.6,841,0.9294
DOT-OP,DOT,OP,candidate,,0.5054,0.5797,109.5,841,0.9474
DOT-PENDLE,DOT,PENDLE,candidate,,0.6674,0.5566,22.7,841,0.9988
DOT-SEI,DOT,SEI,candidate,,0.5418,0.4174,55.3,841,0.7638
DOT-SOL,DOT,SOL,candidate,,0.6554,0.5405,47.4,841,0.8713
DOT-STRK,DOT,STRK,candidate,,0.6196,0.515,53.7,841,0.878
DOT-STX,DOT,STX,candidate,,0.6852,0.5803,29.3,841,0.8796
DOT-SUI,DOT,SUI,candidate,,0.6548,0.5748,57.0,841,0.9922
DOT-TIA,DOT,TIA,candidate,,0.6929,0.6496,63.2,841,0.9783
DOT-UNI,DOT,UNI,candidate,,0.5939,0.4585,18.9,841,0.8814
DOT-WIF,DOT,WIF,candidate,,0.5646,0.5303,76.5,841,0.8616
DOT-XRP,DOT,XRP,candidate,,0.5762,0.435,43.3,841,0.8144
ENA-ETH,ENA,ETH,candidate,,0.414,0.6854,253.2,841,0.7625
ENA-ETHFI,ENA,ETHFI,pinned,,0.5311,0.5852,102.1,841,0.9683
ENA-HBAR,ENA,HBAR,candidate,,0.7923,0.7231,31.4,841,0.7792
ENA-ICP,ENA,ICP,excluded_low_correlation,corr_168=0.276 < 0.4,,0.2761,100.1,841,0.9321
ENA-INJ,ENA,INJ,candidate,,0.8005,0.781,60.1,841,0.9909
ENA-JTO,ENA,JTO,candidate,,0.7493,0.6657,42.7,841,0.8236
ENA-JUP,ENA,JUP,candidate,,0.6312,0.6797,92.1,841,0.9858
ENA-LDO,ENA,LDO,candidate,,0.8205,0.7937,56.5,841,0.8881
ENA-LINK,ENA,LINK,candidate,,0.7219,0.7261,72.9,841,0.7842
ENA-LTC,ENA,LTC,candidate,,0.8244,0.7659,41.6,841,0.6586
ENA-NEAR,ENA,NEAR,candidate,,0.2971,0.5295,383.8,841,0.9691
ENA-OP,ENA,OP,candidate,,0.7052,0.7049,73.2,841,0.9879
ENA-PENDLE,ENA,PENDLE,candidate,,0.7583,0.6778,44.0,841,0.9602
ENA-SEI,ENA,SEI,candidate,,0.6361,0.6389,79.9,841,0.7325
ENA-SOL,ENA,SOL,candidate,,0.6407,0.6485,80.8,841,0.8356
ENA-STRK,ENA,STRK,candidate,,0.3391,0.5854,289.8,841,0.842
ENA-STX,ENA,STX,candidate,,0.7667,0.6889,23.3,841,0.8436
ENA-SUI,ENA,SUI,candidate,,0.7885,0.7806,64.1,841,0.9666
ENA-TIA,ENA,TIA,candidate,,0.7175,0.6887,64.8,841,0.9803
ENA-UNI,ENA,UNI,candidate,,0.7356,0.6817,56.8,841,0.919
ENA-WIF,ENA,WIF,candidate,,0.3907,0.6543,339.3,841,0.8984
ENA-XRP,ENA,XRP,candidate,,0.6831,0.5775,30.8,841,0.781
ETH-ETHFI,ETH,ETHFI,candidate,,0.5794,0.5112,66.5,841,0.7874
ETH-HBAR,ETH,HBAR,candidate,,0.788,0.7174,34.7,841,0.9785
ETH-ICP,ETH,ICP,excluded_low_correlation,corr_168=0.240 < 0.4,,0.24,42.4,841,0.7107
ETH-INJ,ETH,INJ,candidate,,0.764,0.709,54.1,841,0.7555
ETH-JTO,ETH,JTO,candidate,,0.7086,0.6114,42.7,841,0.628
ETH-JUP,ETH,JUP,candidate,,0.6183,0.7042,102.8,841,0.7517
ETH-LDO,ETH,LDO,candidate,,0.6837,0.7498,92.1,841,0.8585
ETH-LINK,ETH,LINK,discovered,,0.945,0.9266,29.5,841,0.9723
ETH-LTC,ETH,LTC,discovered,,0.8709,0.8279,20.3,841,0.8637
ETH-NEAR,ETH,NEAR,candidate,,0.5334,0.4798,74.2,841,0.7389
ETH-OP,ETH,OP,candidate,,0.3568,0.6091,230.0,841,0.7532
ETH-PENDLE,ETH,PENDLE,candidate,,0.6833,0.5777,34.5,841,0.7941
ETH-SEI,ETH,SEI,candidate,,0.5022,0.5023,90.7,841,0.9606
ETH-SOL,ETH,SOL,pinned,,0.9015,0.8687,32.7,841,0.9125
ETH-STRK,ETH,STRK,candidate,,0.4409,0.5073,113.0,841,0.9055
ETH-STX,ETH,STX,candidate,,0.7832,0.711,35.1,841,0.9039
ETH-SUI,ETH,SUI,candidate,,0.789,0.7187,41.5,841,0.7888
ETH-TIA,ETH,TIA,candidate,,0.6944,0.5926,22.7,841,0.7778
ETH-UNI,ETH,UNI,candidate,,0.7812,0.7082,47.6,841,0.7007
ETH-WIF,ETH,WIF,candidate,,0.5135,0.5084,88.4,841,0.685
ETH-XRP,ETH,XRP,candidate,,0.7663,0.6884,46.2,841,0.9763
ETHFI-HBAR,ETHFI,HBAR,candidate,,0.6574,0.5432,30.3,841,0.8047
ETHFI-ICP,ETHFI,ICP,excluded_low_correlation,corr_168=0.221 < 0.4,,0.2208,32.5,841,0.9026
ETHFI-INJ,ETHFI,INJ,candidate,,0.7106,0.6142,33.6,841,0.9595
ETHFI-JTO,ETHFI,JTO,candidate,,0.6772,0.5696,39.9,841,0.7975
ETHFI-JUP,ETHFI,JUP,candidate,,0.5345,0.547,91.1,841,0.9546
ETHFI-LDO,ETHFI,LDO,candidate,,0.7266,0.6355,40.3,841,0.9172
ETHFI-LINK,ETHFI,LINK,candidate,,0.6603,0.5471,40.5,841,0.8098
ETHFI-LTC,ETHFI,LTC,candidate,,0.6351,0.5135,33.5,841,0.6801
ETHFI-NEAR,ETHFI,NEAR,candidate,,0.5965,0.462,47.4,841,0.9384
ETHFI-OP,ETHFI,OP,candidate,,0.4636,0.5702,121.4,841,0.9566
ETHFI-PENDLE,ETHFI,PENDLE,candidate,,0.6624,0.5499,30.4,841,0.9916
ETHFI-SEI,ETHFI,SEI,candidate,,0.6094,0.4792,37.3,841,0.7564
ETHFI-SOL,ETHFI,SOL,candidate,,0.568,0.424,42.5,841,0.8629
ETHFI-STRK,ETHFI,STRK,candidate,,0.5995,0.466,44.4,841,0.8696
ETHFI-STX,ETHFI,STX,candidate,,0.6806,0.5741,30.1,841,0.8712
ETHFI-SUI,ETHFI,SUI,candidate,,0.6657,0.5694,51.9,841,0.9982
ETHFI-TIA,ETHFI,TIA,candidate,,0.6416,0.5567,56.9,841,0.9878
ETHFI-UNI,ETHFI,UNI,candidate,,0.576,0.4346,17.7,841,0.8899
ETHFI-WIF,ETHFI,WIF,candidate,,0.5741,0.4321,34.3,841,0.87
ETHFI-XRP,ETHFI,XRP,excluded_low_correlation,corr_168=0.378 < 0.4,,0.3784,43.7,841,0.8065
HBAR-ICP,HBAR,ICP,excluded_low_correlation,corr_168=0.234 < 0.4,,0.2342,98.0,841,0.7263
HBAR-INJ,HBAR,INJ,candidate,,0.7712,0.7707,67.5,841,0.7721
HBAR-JTO,HBAR,JTO,candidate,,0.7421,0.6562,38.1,841,0.6418
HBAR-JUP,HBAR,JUP,candidate,,0.5005,0.7085,144.3,841,0.7682
HBAR-LDO,HBAR,LDO,candidate,,0.6893,0.7184,82.1,841,0.8774
HBAR-LINK,HBAR,LINK,candidate,,0.5256,0.7649,150.2,841,0.9937
HBAR-LTC,HBAR,LTC,candidate,,0.8122,0.7971,60.2,841,0.8452
HBAR-NEAR,HBAR,NEAR,candidate,,0.295,0.5267,523.0,841,0.7551
HBAR-OP,HBAR,OP,candidate,,0.4119,0.6825,207.6,841,0.7698
HBAR-PENDLE,HBAR,PENDLE,candidate,,0.7077,0.6464,57.3,841,0.8115
HBAR-SEI,HBAR,SEI,candidate,,0.5891,0.5984,85.6,841,0.94
HBAR-SOL,HBAR,SOL,candidate,,0.5132,0.6967,136.9,841,0.9325
HBAR-STRK,HBAR,STRK,candidate,,0.3233,0.5644,175.8,841,0.9254
HBAR-STX,HBAR,STX,candidate,,0.8168,0.7557,38.5,841,0.9237
HBAR-SUI,HBAR,SUI,candidate,,0.681,0.7474,92.4,841,0.8062
HBAR-TIA,HBAR,TIA,candidate,,0.5281,0.6178,111.5,841,0.7949
HBAR-UNI,HBAR,UNI,candidate,,0.6916,0.6891,73.8,841,0.7161
HBAR-WIF,HBAR,WIF,candidate,,0.5771,0.6232,96.1,841,0.7001
HBAR-XRP,HBAR,XRP,candidate,,0.7584,0.7179,58.3,841,0.9977
ICP-INJ,ICP,INJ,excluded_low_correlation,corr_168=0.328 < 0.4,,0.3275,30.1,841,0.9407
ICP-JTO,ICP,JTO,excluded_low_correlation,corr_168=0.321 < 0.4,,0.3208,36.7,841,0.8836
ICP-JUP,ICP,JUP,excluded_low_correlation,corr_168=0.259 < 0.4,,0.2585,73.4,841,0.9455
ICP-LDO,ICP,LDO,excluded_low_correlation,corr_168=0.328 < 0.4,,0.3278,61.8,841,0.8278
ICP-LINK,ICP,LINK,excluded_low_correlation,corr_168=0.282 < 0.4,,0.2819,35.8,841,0.7309
ICP-LTC,ICP,LTC,excluded_low_correlation,corr_168=0.259 < 0.4,,0.259,28.1,841,0.6139
ICP-NEAR,ICP,NEAR,excluded_low_correlation,corr_168=0.289 < 0.4,,0.2893,52.9,841,0.9618
ICP-OP,ICP,OP,excluded_low_correlation,corr_168=0.343 < 0.4,,0.3429,205.3,841,0.9435
ICP-PENDLE,ICP,PENDLE,excluded_low_correlation,corr_168=0.208 < 0.4,,0.2084,31.1,841,0.895
ICP-SEI,ICP,SEI,excluded_low_correlation,corr_168=0.198 < 0.4,,0.1976,66.2,841,0.6827
ICP-SOL,ICP,SOL,excluded_low_correlation,corr_168=0.168 < 0.4,,0.1684,34.8,841,0.7788
ICP-STRK,ICP,STRK,excluded_low_correlation,corr_168=0.337 < 0.4,,0.3367,78.8,841,0.7849
ICP-STX,ICP,STX,excluded_low_correlation,corr_168=0.291 < 0.4,,0.2909,27.1,841,0.7863
ICP-SUI,ICP,SUI,excluded_low_correlation,corr_168=0.257 < 0.4,,0.2572,44.9,841,0.9009
ICP-TIA,ICP,TIA,excluded_low_correlation,corr_168=0.390 < 0.4,,0.3903,41.5,841,0.9137
ICP-UNI,ICP,UNI,excluded_low_correlation,corr_168=0.288 < 0.4,,0.2885,24.7,841,0.986
ICP-WIF,ICP,WIF,excluded_low_correlation,corr_168=0.192 < 0.4,,0.1918,54.8,841,0.9639
ICP-XRP,ICP,XRP,excluded_low_correlation,corr_168=0.213 < 0.4,,0.2135,44.9,841,0.728
INJ-JTO,INJ,JTO,candidate,,0.7729,0.6972,22.0,841,0.8312
INJ-JUP,INJ,JUP,candidate,,0.7485,0.6876,53.9,841,0.9949
INJ-LDO,INJ,LDO,candidate,,0.7535,0.8179,85.7,841,0.88
INJ-LINK,INJ,LINK,candidate,,0.7616,0.7412,63.2,841,0.777
INJ-LTC,INJ,LTC,candidate,,0.8309,0.7746,42.5,841,0.6526
INJ-NEAR,INJ,NEAR,candidate,,0.4807,0.5965,122.3,841,0.978
INJ-OP,INJ,OP,candidate,,0.5118,0.8158,246.8,841,0.997
INJ-PENDLE,INJ,PENDLE,candidate,,0.7667,0.6889,42.0,841,0.9515
INJ-SEI,INJ,SEI,candidate,,0.6016,0.7006,107.6,841,0.7258
INJ-SOL,INJ,SOL,candidate,,0.6795,0.6493,67.7,841,0.828
INJ-STRK,INJ,STRK,candidate,,0.403,0.6707,193.2,841,0.8344
INJ-STX,INJ,STX,candidate,,0.8442,0.7923,25.0,841,0.8359
INJ-SUI,INJ,SUI,candidate,,0.7645,0.7404,62.0,841,0.9578
INJ-TIA,INJ,TIA,candidate,,0.7819,0.7808,66.4,841,0.9714
INJ-UNI,INJ,UNI,candidate,,0.7953,0.7271,42.3,841,0.9275
INJ-WIF,INJ,WIF,candidate,,0.3688,0.6149,165.4,841,0.9067
INJ-XRP,INJ,XRP,candidate,,0.7085,0.6113,47.8,841,0.7739
JTO-JUP,JTO,JUP,candidate,,0.6693,0.7282,91.5,841,0.8354
JTO-LDO,JTO,LDO,candidate,,0.698,0.6875,71.2,841,0.7314
JTO-LINK,JTO,LINK,candidate,,0.6962,0.6564,63.8,841,0.6458
JTO-LTC,JTO,LTC,candidate,,0.7604,0.6805,38.9,841,0.5424
JTO-NEAR,JTO,NEAR,candidate,,0.2904,0.5206,405.4,841,0.8499
JTO-OP,JTO,OP,candidate,,0.4038,0.6717,220.5,841,0.8337
JTO-PENDLE,JTO,PENDLE,candidate,,0.6752,0.5669,45.2,841,0.7908
JTO-SEI,JTO,SEI,candidate,,0.5291,0.5503,93.8,841,0.6032
JTO-SOL,JTO,SOL,candidate,,0.6299,0.5944,70.6,841,0.6882
JTO-STRK,JTO,STRK,candidate,,0.3024,0.5264,165.4,841,0.6935
JTO-STX,JTO,STX,candidate,,0.7331,0.6441,27.4,841,0.6948
JTO-SUI,JTO,SUI,candidate,,0.7281,0.6627,54.5,841,0.7961
JTO-TIA,JTO,TIA,candidate,,0.6826,0.6394,64.1,841,0.8074
JTO-UNI,JTO,UNI,candidate,,0.6651,0.6009,60.2,841,0.8962
JTO-WIF,JTO,WIF,candidate,,0.2962,0.5282,168.4,841,0.9167
JTO-XRP,JTO,XRP,candidate,,0.6434,0.5246,35.0,841,0.6432
JUP-LDO,JUP,LDO,candidate,,0.7553,0.7149,58.6,841,0.8755
JUP-LINK,JUP,LINK,candidate,,0.7414,0.7264,66.3,841,0.7731
JUP-LTC,JUP,LTC,candidate,,0.8252,0.7669,38.5,841,0.6493
JUP-NEAR,JUP,NEAR,candidate,,0.289,0.4806,158.2,841,0.983
JUP-OP,JUP,OP,candidate,,0.3889,0.6456,166.4,841,0.9979
JUP-PENDLE,JUP,PENDLE,candidate,,0.7245,0.6327,37.8,841,0.9466
JUP-SEI,JUP,SEI,candidate,,0.5728,0.5136,69.4,841,0.7221
JUP-SOL,JUP,SOL,candidate,,0.7353,0.712,64.7,841,0.8238
JUP-STRK,JUP,STRK,candidate,,0.5396,0.4837,73.1,841,0.8301
JUP-STX,JUP,STX,candidate,,0.7902,0.7203,29.9,841,0.8316
JUP-SUI,JUP,SUI,candidate,,0.7273,0.6963,63.4,841,0.9529
JUP-TIA,JUP,TIA,candidate,,0.6384,0.6065,70.8,841,0.9664
JUP-UNI,JUP,UNI,candidate,,0.7386,0.6514,39.7,841,0.9322
JUP-WIF,JUP,WIF,candidate,,0.4301,0.5365,124.2,841,0.9113
JUP-XRP,JUP,XRP,candidate,,0.6877,0.5836,47.7,841,0.7699
LDO-LINK,LDO,LINK,candidate,,0.7966,0.7934,64.6,841,0.883
LDO-LTC,LDO,LTC,candidate,,0.8238,0.765,46.2,841,0.7416
LDO-NEAR,LDO,NEAR,candidate,,0.5205,0.5796,104.3,841,0.8607
LDO-OP,LDO,OP,candidate,,0.797,0.7601,55.9,841,0.8773
LDO-PENDLE,LDO,PENDLE,candidate,,0.7373,0.6498,37.9,841,0.9249
LDO-SEI,LDO,SEI,candidate,,0.7094,0.6126,22.8,841,0.8247
LDO-SOL,LDO,SOL,candidate,,0.678,0.6745,74.7,841,0.9409
LDO-STRK,LDO,STRK,candidate,,0.715,0.6398,53.1,841,0.9481
LDO-STX,LDO,STX,candidate,,0.7994,0.7325,33.1,841,0.9499
LDO-SUI,LDO,SUI,candidate,,0.7176,0.7277,74.8,841,0.9188
LDO-TIA,LDO,TIA,candidate,,0.7147,0.7487,81.2,841,0.9059
LDO-UNI,LDO,UNI,candidate,,0.7929,0.7239,35.4,841,0.8162
LDO-WIF,LDO,WIF,candidate,,0.5102,0.6301,120.8,841,0.7979
LDO-XRP,LDO,XRP,candidate,,0.7083,0.6111,43.4,841,0.8794
LINK-LTC,LINK,LTC,discovered,,0.8742,0.8323,13.3,841,0.8398
LINK-NEAR,LINK,NEAR,candidate,,0.6265,0.5459,59.3,841,0.7599
LINK-OP,LINK,OP,candidate,,0.3952,0.6603,177.0,841,0.7747
LINK-PENDLE,LINK,PENDLE,candidate,,0.7213,0.6284,25.8,841,0.8167
LINK-SEI,LINK,SEI,candidate,,0.557,0.5656,88.2,841,0.934
LINK-SOL,LINK,SOL,discovered,,0.9064,0.8752,12.1,841,0.9385
LINK-STRK,LINK,STRK,candidate,,0.5041,0.5344,98.3,841,0.9313
LINK-STX,LINK,STX,candidate,,0.812,0.7494,40.2,841,0.9296
LINK-SUI,LINK,SUI,candidate,,0.8037,0.7845,59.9,841,0.8113
LINK-TIA,LINK,TIA,candidate,,0.7088,0.6118,23.6,841,0.7999
LINK-UNI,LINK,UNI,candidate,,0.8005,0.734,34.2,841,0.7207
LINK-WIF,LINK,WIF,candidate,,0.5029,0.5184,94.6,841,0.7045
LINK-XRP,LINK,XRP,candidate,,0.7509,0.6873,53.0,841,0.9959
LTC-NEAR,LTC,NEAR,candidate,,0.5139,0.5238,92.2,841,0.6382
LTC-OP,LTC,OP,candidate,,0.4101,0.6801,246.0,841,0.6506
LTC-PENDLE,LTC,PENDLE,candidate,,0.7208,0.6278,27.0,841,0.6859
LTC-SEI,LTC,SEI,candidate,,0.4128,0.5655,137.6,841,0.8991
LTC-SOL,LTC,SOL,candidate,,0.834,0.7786,15.6,841,0.7882
LTC-STRK,LTC,STRK,candidate,,0.3096,0.5461,188.1,841,0.7821
LTC-STX,LTC,STX,candidate,,0.8133,0.7511,38.0,841,0.7807
LTC-SUI,LTC,SUI,candidate,,0.8354,0.7821,48.4,841,0.6814
LTC-TIA,LTC,TIA,candidate,,0.7335,0.6447,16.7,841,0.6718
LTC-UNI,LTC,UNI,candidate,,0.8023,0.7364,40.5,841,0.6053
LTC-WIF,LTC,WIF,candidate,,0.3856,0.6475,187.3,841,0.5917
LTC-XRP,LTC,XRP,candidate,,0.8003,0.7337,42.9,841,0.8433
NEAR-OP,NEAR,OP,candidate,,0.3717,0.5531,148.5,841,0.981
NEAR-PENDLE,NEAR,PENDLE,candidate,,0.5989,0.4652,24.7,841,0.9305
NEAR-SEI,NEAR,SEI,candidate,,0.579,0.4386,47.4,841,0.7098
NEAR-SOL,NEAR,SOL,candidate,,0.5808,0.441,30.6,841,0.8098
NEAR-STRK,NEAR,STRK,candidate,,0.6174,0.4903,48.1,841,0.816
NEAR-STX,NEAR,STX,candidate,,0.6483,0.5311,28.4,841,0.8175
NEAR-SUI,NEAR,SUI,candidate,,0.6551,0.5402,45.9,841,0.9367
NEAR-TIA,NEAR,TIA,candidate,,0.7174,0.6232,47.5,841,0.95
NEAR-UNI,NEAR,UNI,candidate,,0.6119,0.4825,13.8,841,0.9483
NEAR-WIF,NEAR,WIF,excluded_low_correlation,corr_168=0.337 < 0.4,,0.3369,52.9,841,0.9271
NEAR-XRP,NEAR,XRP,excluded_low_correlation,corr_168=0.345 < 0.4,,0.3448,41.6,841,0.7568
OP-PENDLE,OP,PENDLE,candidate,,0.6883,0.5844,34.1,841,0.9486
OP-SEI,OP,SEI,candidate,,0.7124,0.6165,40.9,841,0.7236
OP-SOL,OP,SOL,candidate,,0.6341,0.5557,59.2,841,0.8255
OP-STRK,OP,STRK,candidate,,0.6605,0.6539,75.4,841,0.8318
OP-STX,OP,STX,candidate,,0.7599,0.6799,24.4,841,0.8334
OP-SUI,OP,SUI,candidate,,0.7244,0.6466,51.6,841,0.9548
OP-TIA,OP,TIA,candidate,,0.7927,0.7606,57.5,841,0.9684
OP-UNI,OP,UNI,candidate,,0.7397,0.653,39.5,841,0.9303
OP-WIF,OP,WIF,candidate,,0.3569,0.5388,149.9,841,0.9094
OP-XRP,OP,XRP,candidate,,0.6115,0.482,35.8,841,0.7715
PENDLE-SEI,PENDLE,SEI,candidate,,0.5545,0.5052,73.5,841,0.7628
PENDLE-SOL,PENDLE,SOL,candidate,,0.6697,0.5596,28.8,841,0.8702
PENDLE-STRK,PENDLE,STRK,candidate,,0.49,0.4258,75.2,841,0.8769
PENDLE-STX,PENDLE,STX,candidate,,0.7272,0.6362,36.1,841,0.8785
PENDLE-SUI,PENDLE,SUI,candidate,,0.692,0.6453,62.4,841,0.9934
PENDLE-TIA,PENDLE,TIA,candidate,,0.683,0.5773,47.4,841,0.9795
PENDLE-UNI,PENDLE,UNI,candidate,,0.6935,0.5913,27.0,841,0.8825
PENDLE-WIF,PENDLE,WIF,candidate,,0.5058,0.5126,92.1,841,0.8627
PENDLE-XRP,PENDLE,XRP,candidate,,0.6044,0.4792,49.7,841,0.8133
SEI-SOL,SEI,SOL,candidate,,0.5869,0.5098,63.6,841,0.8766
SEI-STRK,SEI,STRK,candidate,,0.6185,0.4914,41.3,841,0.8699
SEI-STX,SEI,STX,candidate,,0.6944,0.5925,30.5,841,0.8683
SEI-SUI,SEI,SUI,candidate,,0.6553,0.6053,64.7,841,0.7578
SEI-TIA,SEI,TIA,candidate,,0.6428,0.6167,71.9,841,0.7472
SEI-UNI,SEI,UNI,candidate,,0.6692,0.559,33.2,841,0.6731
SEI-WIF,SEI,WIF,candidate,,0.5421,0.4303,58.5,841,0.658
SEI-XRP,SEI,XRP,candidate,,0.5551,0.4068,45.6,841,0.9379
SOL-STRK,SOL,STRK,candidate,,0.4192,0.462,108.8,841,0.9923
SOL-STX,SOL,STX,candidate,,0.7473,0.6631,35.5,841,0.9905
SOL-SUI,SOL,SUI,candidate,,0.8111,0.7505,48.6,841,0.8645
SOL-TIA,SOL,TIA,candidate,,0.627,0.5027,19.4,841,0.8524
SOL-UNI,SOL,UNI,candidate,,0.7632,0.6843,31.0,841,0.7679
SOL-WIF,SOL,WIF,candidate,,0.451,0.4916,105.5,841,0.7507
SOL-XRP,SOL,XRP,candidate,,0.7645,0.693,49.8,841,0.9347
STRK-STX,STRK,STX,candidate,,0.6751,0.5668,30.4,841,0.9982
STRK-SUI,STRK,SUI,candidate,,0.6321,0.5589,60.7,841,0.8712
STRK-TIA,STRK,TIA,candidate,,0.6893,0.6507,64.7,841,0.8589
STRK-UNI,STRK,UNI,candidate,,0.5784,0.4379,26.5,841,0.7739
STRK-WIF,STRK,WIF,candidate,,0.3792,0.4025,107.2,841,0.7565
STRK-XRP,STRK,XRP,candidate,,0.5907,0.4554,48.3,841,0.9275
STX-SUI,STX,SUI,candidate,,0.58,0.6936,113.2,841,0.8728
STX-TIA,STX,TIA,candidate,,0.61,0.6364,88.2,841,0.8605
STX-UNI,STX,UNI,candidate,,0.7141,0.7109,71.7,841,0.7753
STX-WIF,STX,WIF,candidate,,0.3341,0.5788,310.6,841,0.7579
STX-XRP,STX,XRP,candidate,,0.6539,0.6116,66.8,841,0.9258
SUI-TIA,SUI,TIA,candidate,,0.6958,0.5944,20.0,841,0.986
SUI-UNI,SUI,UNI,candidate,,0.7013,0.6682,65.1,841,0.8883
SUI-WIF,SUI,WIF,candidate,,0.3826,0.5455,142.8,841,0.8684
SUI-XRP,SUI,XRP,candidate,,0.7361,0.6482,39.0,841,0.808
TIA-UNI,TIA,UNI,candidate,,0.6999,0.6146,51.8,841,0.9009
TIA-WIF,TIA,WIF,candidate,,0.3282,0.5402,160.1,841,0.8807
TIA-XRP,TIA,XRP,candidate,,0.5798,0.4397,25.9,841,0.7967
UNI-WIF,UNI,WIF,candidate,,0.6545,0.5393,43.7,841,0.9776
UNI-XRP,UNI,XRP,candidate,,0.6915,0.5887,45.1,841,0.7177
WIF-XRP,WIF,XRP,candidate,,0.6529,0.5387,48.4,841,0.7016
